date,carrier,number,origin,destination
2012-02-12,AA,1176,MIA,BWI
2011-01-04,EV,5119,ATL,LEX
2012-02-23,EV,5059,GNV,ATL
2011-02-06,WN,3741,SEA,OAK
2012-01-27,EV,6031,SDF,IAD
2011-01-10,AA,428,IAH,DFW
2012-02-27,WN,3971,RDU,FLL
2012-01-06,DL,147,SLC,ATL
2012-01-15,EV,4375,EWR,LIT
2012-02-11,MQ,4387,ILM,ORD
2012-01-02,DL,1691,MSP,RNO
2011-02-04,EV,4977,ATL,MEI
2011-02-27,XE,6152,OMA,ORD
2011-01-22,EV,5374,CAK,ATL
2012-02-17,WN,3142,LAX,ABQ
2012-02-05,EV,5693,CAE,IAD
2012-01-30,FL,661,ATL,HPN
2012-01-14,AA,415,BOS,ORD
2012-01-16,EV,6008,ORD,HSV
2012-01-23,OO,6235,PDX,LAX
2012-02-16,EV,5902,MLI,ORD
2011-02-03,WN,1982,OAK,BUR
2012-01-07,MQ,3472,CHS,MIA
2011-02-11,B6,631,BOS,SFO
2012-01-06,EV,5731,IAD,CAE
2012-01-23,MQ,4327,ORD,TVC
2011-01-04,YV,2986,PHX,SAT
2012-01-27,WN,351,BUR,DEN
2012-02-13,MQ,3929,ORD,MLI
2012-02-19,WN,2354,SFO,SAN
2011-02-02,OO,6428,SFO,PHX
2011-02-22,XE,6024,CMH,IAD
2012-01-11,EV,5140,ATL,TLH
2012-01-13,AA,1739,DFW,ICT
2011-02-04,OO,5810,CMH,IAH
2011-01-24,HA,308,HNL,KOA
2011-01-12,WN,773,JAX,TPA
2012-02-05,AA,360,PHX,ORD
2011-01-08,DL,1938,JAX,ATL
2011-02-19,OO,6309,LAX,PSP
2011-02-04,DL,2567,DTW,ORD
2012-02-11,UA,1697,EWR,IAH
2012-01-09,US,1793,BOS,CLT
2012-01-21,DL,1822,DTW,BOS
2011-02-10,MQ,3997,FAR,ORD
2011-01-13,UA,951,IAD,LAX
2012-02-01,EV,4386,EWR,MKE
2012-02-12,EV,4352,EWR,GRR
2012-02-14,WN,42,HOU,DAL
2011-01-23,XE,2987,BTV,CLE
2011-01-28,WN,2684,DEN,SLC
2011-01-20,DL,1180,SLC,MCO
2011-01-23,UA,225,IAD,SFO
2011-01-09,OO,6495,FSD,DEN
2011-01-06,OO,7035,LAX,PDX
2012-01-29,DL,1044,SAN,DTW
2011-01-29,WN,2850,PBI,ISP
2011-01-01,XE,5907,ORD,HSV
2012-01-01,WN,3456,OAK,PDX
2012-01-20,FL,141,ATL,DTW
2011-02-27,MQ,4272,TVC,ORD
2012-01-09,UA,864,SFO,PHL
2011-02-13,WN,2023,SMF,SNA
2012-02-08,EV,5007,SHV,ATL
2012-01-05,EV,4089,AEX,IAH
2011-02-14,AA,1702,ICT,DFW
2012-01-15,YV,3757,ORD,PIT
2012-01-17,AA,558,DFW,EWR
2011-02-11,AA,1308,LAX,AUS
2011-01-25,WN,703,FLL,TPA
2011-01-10,WN,3092,TUL,DAL
2012-02-09,AS,894,KOA,SJC
2011-01-31,MQ,3657,MIA,PIT
2011-02-27,WN,5114,MDW,MCI
2011-02-18,FL,596,ATL,ROC
2011-01-21,UA,541,BOS,ORD
2011-01-07,WN,732,TPA,BUF
2012-01-19,FL,587,BWI,GRR
2011-02-14,DL,1980,DTW,PHL
2012-02-09,FL,131,ATL,TPA
2012-02-24,MQ,3318,LAW,DFW
2011-02-18,WN,1997,MDW,BWI
2011-01-31,AA,593,ORD,PHX
2012-01-13,DL,2279,MSP,SJC
2011-02-02,DL,2839,DCA,ATL
2012-02-10,US,2128,LGA,BOS
2011-01-02,WN,363,BHM,MSY
2011-02-21,UA,223,MCO,ORD
2012-01-12,EV,4403,EWR,PIT
2011-01-04,MQ,3010,SBA,LAX
2011-01-13,DL,1505,DTW,MCO
2012-02-22,EV,5501,VLD,ATL
2012-01-13,DL,1492,PHX,MSP
2011-02-21,US,685,PHX,EWR
2012-01-06,B6,960,MCO,BOS
2012-02-08,WN,3338,SAN,OAK
2012-01-19,MQ,4329,JFK,CVG
2011-02-15,WN,1763,BDL,BWI
2012-01-27,EV,5338,FSM,MEM
2012-02-01,DL,1920,LAX,MEM
2012-01-09,WN,2252,LIT,MDW
2011-02-09,MQ,2751,SGF,DFW
2011-01-07,DL,1850,LAS,MSP
2011-02-18,WN,1019,ORF,BNA
2012-02-01,OO,5610,SFO,OTH
2012-01-15,AA,1527,DFW,PHX
2011-02-15,HA,194,HNL,OGG
2011-02-06,US,1584,MCO,PHL
2011-02-04,YV,2621,CLT,IAD
2012-01-07,YV,2663,CLT,STL
2012-01-09,WN,1400,HOU,TUL
2011-01-02,DL,1573,LGA,MEM
2012-01-30,EV,5091,BTR,ATL
2012-01-15,MQ,3990,ORD,DAY
2011-01-25,OO,6275,SEA,GEG
2011-01-07,DL,2784,MKE,MSP
2011-01-16,OO,1134,IAH,OKC
2011-01-03,WN,909,MDW,MSP
2011-02-07,EV,4965,ATL,SDF
2012-02-18,US,1614,MCI,CLT
2012-01-24,WN,8,DAL,LIT
2012-01-08,MQ,3395,DFW,BTR
2012-02-16,WN,27,STL,DAL
2012-01-01,AA,1280,PSP,ORD
2011-01-10,WN,1150,OAK,LAS
2012-01-23,DL,1076,MEM,ATL
2011-01-01,AS,108,ANC,SEA
2011-01-28,EV,5577,ATL,EVV
2012-02-27,DL,991,TYS,ATL
2012-01-14,AA,2473,DFW,LAX
2012-02-11,UA,1700,FLL,EWR
2012-02-22,US,959,CLT,FLL
2011-01-26,OO,4851,MSP,FAR
2012-02-27,WN,1814,OAK,LAX
2011-01-01,US,224,PHX,BOS
2012-01-01,OO,6410,BUR,SFO
2012-01-02,EV,5828,ORD,SDF
2011-01-28,OO,7801,TWF,SLC
2012-02-08,UA,1189,ORD,IAH
2011-02-18,MQ,3270,DFW,MOB
2012-01-14,WN,1850,MCO,DEN
2012-01-18,B6,1211,BOS,BUF
2012-02-22,OO,4619,SLC,IDA
2011-01-04,WN,936,ELP,LAS
2012-02-09,EV,6131,CMH,ORD
2012-01-21,WN,776,SAN,DEN
2012-01-03,OO,4530,FAR,MSP
2012-02-02,US,407,DEN,PHX
2011-01-03,MQ,3482,LIT,DFW
2011-02-26,WN,2661,HOU,ELP
2012-01-12,OO,5426,GTF,DEN
2011-02-22,AA,381,DFW,SFO
2012-01-30,US,1986,ORD,CLT
2011-01-15,XE,2048,IAH,OKC
2011-01-17,AA,349,FLL,DFW
2011-01-23,US,128,PHX,MKE
2011-01-15,WN,1263,JAX,BNA
2011-02-09,WN,659,DEN,SJC
2012-01-21,UA,511,BDL,ORD
2011-02-20,WN,732,MCI,MCO
2012-02-09,OO,6454,DEN,BIS
2012-02-06,AA,342,LAS,DFW
2012-01-21,WN,573,MDW,ABQ
2012-02-27,DL,953,ATL,SAT
2012-02-21,EV,4430,RIC,EWR
2011-01-01,EV,5005,VPS,MEM
2011-01-05,CO,770,IAH,SFO
2012-01-29,HA,323,HNL,LIH
2012-01-12,US,1433,CLT,LAX
2011-01-23,FL,1072,CAK,TPA
2012-02-19,DL,1325,MSY,LAX
2012-02-14,UA,1623,IAH,MSY
2011-02-19,EV,4979,ATL,GPT
2012-01-19,US,12,PHX,JFK
2011-02-27,EV,7128,ORD,ORF
2012-02-29,WN,3392,BNA,STL
2011-02-03,MQ,4525,LGA,XNA
2012-01-31,UA,1135,ANC,SEA
2011-01-29,OO,4879,MSP,GFK
2011-01-08,UA,860,IAD,BOS
2012-01-26,MQ,3571,MIA,IND
2011-01-19,CO,559,IAH,SNA
2012-02-07,WN,165,MCO,LAS
2012-02-04,MQ,3051,LAX,SLC
2012-02-25,B6,611,JFK,JAX
2012-02-28,US,208,OAK,PHX
2011-01-15,CO,292,EWR,MCO
2011-02-05,CO,650,AUS,EWR
2012-02-18,AA,2336,DFW,ORD
2012-01-20,US,750,MIA,PHL
2011-02-19,WN,3881,DEN,SAN
2012-02-04,DL,1375,BOS,LGA
2011-02-09,AA,1895,LGA,MIA
2011-01-15,MQ,4017,ORD,MDT
2012-02-03,DL,2178,DFW,SLC
2011-02-07,MQ,4314,PIT,JFK
2012-02-03,MQ,3872,ORD,ELP
2012-02-15,AA,1479,CLT,DFW
2011-02-26,XE,6053,ORD,IND
2012-02-06,DL,2082,STL,ATL
2011-02-04,YV,7289,ORD,RDU
2012-01-14,WN,2209,ALB,BWI
2011-01-30,F9,386,DEN,FLL
2011-01-06,WN,3496,LIT,PHX
2011-01-09,DL,1152,HNL,SFO
2011-02-22,OO,6678,SFO,MRY
2012-01-12,WN,2143,ELP,HOU
2011-01-29,US,583,DFW,PHX
2012-01-26,EV,4344,EWR,DTW
2011-01-07,AS,851,SEA,HNL
2011-02-18,FL,497,BWI,CLT
2011-01-06,US,1234,PBI,DCA
2011-02-26,XE,6077,MCI,ORD
2012-02-05,EV,5110,ATL,EVV
2011-02-20,UA,595,DEN,SFO
2011-02-15,OO,6341,LAX,SAN
2011-02-10,WN,408,MCO,BWI
2012-02-24,EV,4934,MIA,MCO
2012-02-15,US,374,CLT,JFK
2012-01-02,AA,248,MIA,BOS
2011-02-13,CO,1801,EWR,FLL
2012-02-15,DL,1578,EYW,ATL
2012-02-28,AA,1506,MIA,BOS
2012-02-03,WN,141,MDW,LAS
2012-01-17,MQ,2704,DFW,MSN
2011-02-05,DL,1490,ATL,MSP
2012-01-05,MQ,4424,DCA,RDU
2012-02-10,B6,1259,BOS,IAD
2011-01-04,OO,6295,DEN,GJT
2012-02-07,OO,5647,RNO,SFO
2012-02-04,WN,600,TUS,SAN
2012-02-24,US,1893,PIT,PHL
2012-01-18,US,971,PHL,SFO
2012-01-16,FL,1417,FNT,RSW
2011-01-30,OO,4481,GRR,MSP
2012-01-17,AA,257,JFK,LAS
2011-01-06,WN,2968,PHX,SAN
2012-01-24,EV,4880,ATL,MYR
2011-01-21,WN,2684,SLC,PHX
2012-02-04,MQ,4397,MLI,ORD
2011-02-26,F9,629,DEN,DTW
2011-01-25,AS,457,LAX,SEA
2011-01-11,DL,1759,IND,ATL
2012-02-14,MQ,3010,SBA,LAX
2012-01-09,AA,1565,DFW,TUS
2012-02-19,OO,5627,ORD,HPN
2012-01-10,MQ,4229,PIT,ORD
2012-02-16,F9,181,DEN,OKC
2012-01-06,MQ,3763,ABQ,ORD
2012-01-12,UA,286,SFO,JFK
2012-02-21,DL,311,ATL,BUF
2012-02-28,FL,1150,IND,RSW
2012-01-27,MQ,4397,MLI,ORD
2011-01-14,MQ,2955,DFW,MAF
2011-01-27,WN,3047,DEN,RNO
2011-01-05,WN,940,MDW,OMA
2011-02-20,AA,2411,DFW,LAX
2012-01-30,EV,4209,MCI,IAH
2011-01-21,EV,5127,FAY,ATL
2012-01-31,EV,6150,DEN,MTJ
2012-02-15,WN,398,PHX,DEN
2012-01-31,US,1626,CLT,LGA
2012-01-11,WN,615,SFO,SAN
2011-01-03,WN,661,OAK,PDX
2012-01-09,US,64,CLT,BOS
2011-02-11,US,1182,MCO,CLT
2012-02-24,WN,2557,STL,CMH
2012-01-29,OO,5622,RDD,SFO
2011-02-15,OO,6353,DEN,RKS
2011-01-23,WN,198,DEN,BDL
2011-01-28,F9,652,DEN,MDW
2012-02-03,UA,583,DFW,DEN
2011-01-02,XE,2231,JAN,IAH
2012-01-24,FL,671,MKE,MCO
2012-01-18,DL,1836,CHS,ATL
2012-01-05,WN,1597,PHX,BUR
2011-02-03,WN,2802,MDW,BNA
2011-01-09,US,145,RNO,PHX
2012-02-14,US,356,ONT,PHX
2012-01-31,OO,6353,DEN,RKS
2011-01-03,AA,2337,ORD,DFW
2011-02-18,HA,347,KOA,HNL
2011-02-12,UA,847,SFO,IAD
2011-01-02,MQ,3227,DFW,TYR
2012-02-15,MQ,3980,ORD,ICT
2011-02-18,OO,4771,SEA,SLC
2011-02-27,MQ,2969,DFW,ABI
2012-02-17,WN,483,OAK,PHX
2012-01-28,AA,1811,MIA,IAH
2012-02-25,DL,2363,JFK,LAX
2012-01-02,UA,742,ORD,MCO
2012-01-10,UA,451,DEN,EGE
2012-01-31,OO,6433,JAC,LAX
2012-01-23,MQ,2721,DFW,ABI
2012-01-31,AA,1164,DFW,MSY
2011-01-18,US,1928,PHL,PVD
2011-01-27,WN,2418,LAS,BOI
2011-01-27,FL,465,BWI,ATL
2011-02-23,CO,1700,FLL,EWR
2012-02-12,MQ,2966,GRK,DFW
2011-01-19,WN,919,AUS,HOU
2011-02-21,DL,1421,DTW,TPA
2012-01-10,US,1085,CLT,MCO
2011-02-22,UA,560,SFO,SLC
2012-02-02,WN,2127,PHX,DEN
2011-02-19,CO,275,IAH,DEN
2011-01-11,DL,2492,MSY,ATL
2012-02-07,UA,1534,SFO,EWR
2012-02-06,DL,2067,CMH,ATL
2012-01-07,US,641,PHX,ONT
2011-01-03,FL,100,DFW,ATL
2011-02-05,XE,5918,HSV,ORD
2011-02-19,B6,585,HPN,FLL
2012-01-26,WN,380,TUS,MDW
2011-01-18,XE,3083,IAH,MKE
2011-02-03,AA,583,MIA,STL
2011-01-29,OO,6434,LAX,SAT
2011-01-16,EV,5566,ATL,CAE
2012-02-19,WN,236,HOU,MSY
2011-01-09,AS,128,FAI,SEA
2012-02-21,OO,2979,PHX,PSP
2012-01-28,AA,1237,BUR,DFW
2012-01-16,OO,4753,SLC,ONT
2011-01-07,CO,805,ATL,EWR
2011-02-20,US,73,DEN,PHX
2012-02-10,OO,6271,ORD,FWA
2012-02-28,EV,5069,RDU,MCO
2012-01-10,UA,861,BOS,IAD
2011-01-29,AA,1206,PHX,ORD
2012-01-04,OO,6495,MCI,DEN
2012-02-03,WN,304,LAX,SMF
2011-02-03,MQ,2842,DFW,MAF
2011-01-17,US,1081,PHL,SJU
2012-02-13,EV,4280,CMH,IAH
2012-02-19,WN,236,STL,MDW
2011-02-17,WN,2719,HOU,AUS
2012-01-16,MQ,4310,CLT,ORD
2011-02-10,OO,6447,HSV,DEN
2012-02-09,US,488,PHX,DEN
2011-01-31,WN,2181,HOU,MDW
2012-02-03,OO,4501,DEN,SLC
2012-01-02,WN,1561,JAX,FLL
2012-01-09,WN,250,SFO,LAX
2011-01-31,FL,1226,PIT,FLL
2011-01-15,YV,2952,TEX,PHX
2012-01-17,YV,2656,CMH,CLT
2012-01-12,AS,318,SEA,SFO
2011-01-14,WN,2580,LAS,ONT
2012-02-04,DL,2171,ATL,CLE
2012-01-23,DL,2001,BOS,ATL
2011-02-26,DL,2737,DTW,MEM
2011-02-11,XE,2230,LEX,IAH
2012-01-25,MQ,4382,ORD,DAY
2011-01-24,XE,2063,CLE,BUF
2011-01-23,AS,374,SEA,SMF
2012-01-12,YV,2701,AUS,PHX
2011-02-19,DL,2580,SFO,ATL
2011-02-06,XE,2850,CRP,IAH
2012-02-20,AS,107,SEA,ANC
2011-01-28,XE,2435,IAH,JAX
2011-02-22,US,1904,CLT,PIT
2012-01-22,WN,1679,TPA,RDU
2012-02-15,EV,5101,ATL,BTR
2012-02-10,UA,998,ORD,BOS
2012-01-29,DL,1652,ATL,CLT
2012-02-03,B6,2,FLL,JFK
2011-02-21,WN,3328,TPA,BDL
2011-02-01,EV,4964,DTW,BNA
2012-02-20,AA,878,DFW,EWR
2011-01-06,DL,1062,MCO,LAX
2012-02-23,US,1952,IAH,CLT
2011-01-06,WN,1044,LAS,RNO
2011-02-17,WN,47,MAF,DAL
2012-01-26,AS,318,SEA,SFO
2012-01-07,OO,5191,IAD,IAH
2012-02-24,EV,4276,EWR,CLT
2011-02-17,US,480,PHX,BUR
2012-01-18,EV,5186,JAX,MEM
2012-01-14,AS,152,ANC,OME
2011-02-18,AA,1817,MCO,MIA
2012-02-05,MQ,3376,DFW,MSN
2011-02-23,DL,437,ATL,STX
2011-02-27,XE,2233,CLT,EWR
2011-02-09,UA,491,DEN,PHX
2012-02-03,AA,492,LAX,MIA
2012-02-02,EV,6127,DEN,GJT
2011-02-17,WN,2005,BWI,PVD
2012-02-17,YV,2661,SAV,CLT
2011-01-10,YV,2748,PHX,SBP
2011-02-06,UA,68,LIH,LAX
2012-01-16,UA,543,SFO,LAX
2012-02-25,F9,1570,SLC,DEN
2011-02-16,OO,7016,ORD,HPN
2011-01-30,XE,5888,BUF,ORD
2011-01-19,EV,5071,ATL,HSV
2012-02-02,MQ,3740,ORD,EWR
2011-02-23,AA,2243,CLT,DFW
2012-02-09,MQ,3231,AMA,DFW
2012-02-05,AA,6,OGG,DFW
2011-01-19,MQ,4295,ORD,FWA
2012-01-03,WN,893,MDW,SLC
2011-02-03,US,57,PHX,MSP
2011-02-09,DL,422,SJU,ATL
2012-02-02,YV,2795,FLG,PHX
2012-01-12,DL,1196,OGG,LAX
2011-01-08,DL,2536,ABQ,ATL
2011-01-24,AA,1397,ORD,RSW
2012-02-01,WN,2324,LAS,PIT
2012-01-08,OO,4474,SJC,SLC
2012-02-24,MQ,3089,ABQ,LAX
2012-01-06,DL,2322,MSP,MIA
2011-02-24,YV,2861,PHX,FLG
2011-01-14,EV,5016,JAN,ATL
2011-02-15,OO,6715,DEN,MSO
2012-02-23,UA,431,SNA,SFO
2012-01-15,OO,5506,LMT,SFO
2012-02-07,AA,2237,PHL,DFW
2011-01-07,WN,179,BWI,ALB
2011-02-26,DL,1701,BOS,ATL
2012-02-24,EV,4673,TYS,IAH
2011-01-28,WN,2703,SAN,SFO
2012-02-17,AA,1596,LAS,DFW
2012-01-07,US,1770,CLT,BOS
2011-01-29,WN,1454,SLC,RNO
2012-02-21,MQ,3526,PNS,MIA
2011-01-10,AA,1287,DFW,ONT
2012-02-28,OO,6520,MBS,ORD
2012-02-23,WN,221,BWI,TPA
2011-01-07,YV,2697,AUS,PHX
2012-01-02,AA,2220,SNA,DFW
2012-01-23,EV,4323,EWR,DCA
2011-01-31,EV,5360,ATL,TUL
2011-02-18,OO,6921,BUR,SFO
2012-01-07,UA,1451,BOS,EWR
2011-02-28,MQ,4068,ORD,MSN
2012-02-15,DL,2110,ATL,DFW
2012-01-02,MQ,3682,ORD,EWR
2012-02-05,EV,5321,ATL,GPT
2012-01-22,US,1733,LGA,CLT
2012-01-10,FL,569,BMI,ATL
2011-01-24,DL,1075,ATL,RSW
2011-02-20,US,22,PHX,HNL
2012-01-21,HA,256,HNL,OGG
2012-01-04,DL,2252,CHS,ATL
2012-01-09,AA,1414,ORD,RSW
2011-02-25,US,787,CLT,ATL
2011-02-27,WN,1410,ORF,BWI
2011-02-02,DL,107,JFK,MCO
2011-02-13,WN,7,ALB,MDW
2012-02-20,FL,872,MSP,ATL
2012-01-31,AS,89,SEA,ANC
2012-01-30,FL,1419,RSW,CAK
2011-01-14,WN,2610,STL,MDW
2011-02-01,DL,1090,PBI,ATL
2012-01-04,WN,3291,MDW,ORF
2012-02-25,B6,580,PBI,HPN
2012-01-19,B6,334,MCO,IAD
2011-02-12,CO,1871,EWR,HDN
2011-02-27,AA,1532,LAS,DFW
2011-02-17,DL,2439,DCA,ATL
2012-02-25,DL,1634,SEA,SLC
2011-01-12,OO,6559,DEN,ASE
2012-02-12,OO,5378,OMA,ORD
2012-02-23,WN,2256,MDW,DTW
2012-01-30,WN,2805,PHL,TPA
2011-01-26,FL,224,MKE,LAS
2012-02-08,DL,2367,ATL,SAN
2011-01-27,XE,5979,ORD,BWI
2011-02-07,HA,398,HNL,KOA
2011-01-23,XE,2679,OKC,IAH
2011-02-05,US,1424,DCA,PHL
2012-02-13,B6,503,EWR,FLL
2011-02-22,WN,430,LAS,SNA
2011-01-31,WN,2386,DEN,ONT
2012-02-24,OO,5517,ASE,DEN
2012-01-20,MQ,4543,JFK,DCA
2011-01-28,WN,3585,BUF,MDW
2012-01-08,OO,4448,SMF,LAX
2012-02-24,YV,2830,SAT,CLT
2011-02-10,WN,3118,JAX,BWI
2012-02-25,FL,234,RIC,ATL
2011-01-29,B6,301,IAD,LGB
2011-01-23,US,1921,CLT,JAX
2011-02-03,OO,6398,PSP,SFO
2012-01-08,WN,275,FLL,MSY
2012-01-02,AA,559,DFW,AUS
2011-02-23,US,1559,PHL,FLL
2011-01-19,CO,1854,EWR,PBI
2011-02-07,DL,2203,ATL,LAS
2011-01-25,DL,2837,ATL,SAT
2011-02-14,XE,3003,BNA,IAH
2012-01-21,UA,1679,DTW,IAH
2012-01-07,EV,4363,IND,IAH
2012-01-03,WN,1567,PIT,BWI
2011-01-03,DL,1480,SFO,ATL
2011-02-25,US,2161,LGA,DCA
2012-01-05,VX,783,LAX,SEA
2011-01-07,DL,2484,LAX,JFK
2012-01-28,EV,4376,LIT,EWR
2011-01-19,DL,1628,ATL,ORF
2011-02-16,WN,2889,DEN,BOI
2011-02-01,AA,1686,ORD,RDU
2011-01-21,OO,4799,DEN,SLC
2012-01-02,DL,1272,ATL,MCI
2011-02-25,AA,549,FLL,ORD
2012-02-14,OO,6387,GEG,SFO
2012-02-25,EV,4546,LFT,IAH
2012-02-26,YV,2765,PHX,LAS
2011-02-03,UA,271,DEN,ONT
2011-02-25,OO,6277,ORD,RAP
2012-02-24,US,1276,PHL,IND
2012-02-01,AA,329,LGA,ORD
2011-01-20,MQ,3788,ORD,OKC
2012-01-03,WN,1328,SNA,DEN
2011-01-30,US,1887,FLL,DCA
2012-02-14,WN,960,DEN,LAS
2011-01-15,WN,1678,MCO,ISP
2012-01-06,FL,202,CAK,ATL
2012-01-26,F9,260,DEN,SNA
2012-01-12,EV,5010,MFE,ATL
2011-02-06,MQ,4592,MSP,LGA
2011-01-03,UA,577,SEA,SFO
2011-02-19,XE,6169,PIT,IAD
2011-02-17,XE,6075,IAD,TYS
2011-02-27,WN,3035,OAK,RNO
2011-02-09,WN,2984,MSY,LAS
2011-02-24,OO,4527,MSP,RAP
2012-02-13,DL,1522,SDF,ATL
2012-02-14,WN,1647,LAS,PHX
2011-02-21,YV,2907,PHX,GJT
2012-02-23,WN,377,LAX,PHX
2011-02-02,AS,878,OGG,SEA
2011-02-13,CO,597,IAH,LAS
2012-02-18,DL,993,MSP,PDX
2012-02-28,EV,4691,XNA,IAH
2011-01-18,WN,877,LAS,SAN
2012-01-25,F9,802,MCI,LGA
2011-01-04,EV,5181,ATL,MLU
2011-01-24,AA,1743,DFW,MCI
2012-01-29,OO,6387,SFO,PSP
2011-01-09,UA,427,IAD,DEN
2012-01-06,OO,5594,LAX,ASE
2012-01-25,DL,2252,CHS,ATL
2012-01-02,UA,1637,PBI,IAH
2012-01-30,DL,2187,PHF,ATL
2012-01-04,DL,2042,ATL,EWR
2011-01-12,MQ,4059,ORD,BMI
2012-01-01,DL,1805,DTW,MCO
2011-01-29,WN,2512,LAS,OKC
2011-02-02,EV,5337,ATL,DHN
2012-02-26,UA,1487,ORD,IAH
2012-02-16,US,748,MIA,CLT
2011-01-26,OO,6636,LAS,DEN
2012-01-04,AS,860,HNL,SEA
2012-02-20,OO,5256,GEG,SFO
2011-02-11,WN,397,BUR,LAS
2012-02-08,UA,1109,SAN,EWR
2011-01-31,OO,4454,SLC,AUS
2012-02-21,DL,1025,MEM,PHX
2012-01-13,MQ,4242,CLE,JFK
2012-01-02,WN,1247,SLC,PHX
2012-01-11,WN,2502,MAF,HOU
2011-02-27,WN,264,HOU,FLL
2011-02-08,AS,189,ANC,FAI
2012-02-16,MQ,3864,ORD,ABQ
2012-01-20,VX,420,LAX,JFK
2011-02-01,HA,132,OGG,ITO
2012-02-23,OO,5187,IAH,MSP
2012-01-09,EV,6076,MHT,ORD
2011-02-03,EV,7098,ORD,PNS
2012-01-25,MQ,3505,MIA,CVG
2011-01-08,EV,5510,ILM,ATL
2012-02-11,B6,81,JFK,FLL
2011-02-10,OO,4711,SEA,SLC
2012-01-17,US,954,FLL,PHL
2011-01-28,AA,1183,IAD,DFW
2011-02-17,WN,3231,BHM,DAL
2011-02-18,OO,6583,DEN,COS
2012-02-10,EV,5993,DEN,DAL
2012-02-15,FL,439,MKE,ATL
2011-01-03,EV,5506,MGM,ATL
2012-02-20,MQ,4423,JFK,RDU
2011-02-16,WN,2026,ABQ,LAX
2011-02-19,DL,2029,MSP,TPA
2012-02-23,UA,451,PHX,DEN
2012-01-28,US,1852,CLT,BWI
2012-01-26,WN,501,PHX,SAN
2011-01-15,WN,1621,DAL,SAT
2012-01-05,FL,224,MKE,LAS
2012-01-01,MQ,4668,ATL,LGA
2012-02-22,WN,668,DAL,TUL
2012-02-27,MQ,2867,DFW,XNA
2011-01-20,WN,1167,TPA,PIT
2012-02-22,DL,1171,MKE,DTW
2011-02-18,OO,6956,DEN,HSV
2011-02-12,WN,1613,SAN,SFO
2011-01-18,OO,6768,DEN,JAC
2011-01-20,OO,6703,SFO,CIC
2011-01-02,DL,1471,LGA,RSW
2012-01-21,OO,4828,MBS,MSP
2011-01-28,B6,590,PBI,HPN
2011-01-20,AA,1532,LAS,DFW
2012-02-26,UA,842,ORD,LAX
2012-01-01,WN,1396,LAX,OAK
2012-01-03,MQ,3970,ORD,BWI
2012-02-01,WN,2397,MDW,BOS
2011-01-05,MQ,3327,JAN,DFW
2012-01-08,AA,581,DCA,STL
2011-02-12,OO,6662,SFO,MRY
2012-02-28,DL,1689,SNA,ATL
2012-01-10,WN,382,SDF,TPA
2011-01-22,AA,1682,DFW,MEM
2011-02-21,DL,2923,MSP,MCO
2012-01-16,DL,2373,MIA,ATL
2012-01-20,MQ,4290,BNA,ORD
2012-02-24,EV,4237,MSN,CLE
2012-02-28,US,565,CLT,MCO
2012-02-05,MQ,4277,CVG,JFK
2012-02-21,FL,145,ATL,DTW
2011-01-26,WN,2671,SJC,LAS
2011-02-28,YV,2611,ILM,CLT
2012-02-25,WN,2007,JAX,BNA
2012-01-23,WN,272,FLL,BWI
2012-02-17,WN,457,BOS,MDW
2011-01-02,AA,1545,DFW,TUS
2011-02-16,AA,1925,DFW,SLC
2011-01-06,CO,1420,SJC,IAH
2012-02-26,WN,1302,CMH,LAS
2012-01-01,MQ,3531,MIA,BNA
2011-01-23,OO,6541,BIS,DEN
2011-02-21,WN,39,SFO,SNA
2012-02-16,MQ,3306,CAE,DFW
2012-02-19,MQ,3359,DFW,SAV
2011-01-22,WN,1319,STL,TPA
2011-01-31,WN,52,FLL,HOU
2012-01-17,UA,1672,DEN,IAH
2012-01-11,WN,664,SJC,SAN
2012-02-16,FL,583,BWI,GRR
2011-01-01,WN,2227,LAS,CMH
2012-01-04,DL,418,SJU,ATL
2012-02-20,DL,1905,DTW,MCO
2011-02-07,B6,483,BOS,LAS
2012-02-07,OO,4467,BNA,SLC
2011-01-02,XE,2347,MSP,IAH
2012-01-04,WN,1401,MDW,LAS
2012-02-26,AA,426,IAH,DFW
2011-02-11,AS,634,PDX,PHX
2012-02-24,WN,1647,MDW,EWR
2011-02-02,AA,1412,MIA,JFK
2012-01-18,DL,461,LGA,ATL
2011-01-06,B6,595,HPN,MCO
2012-01-20,EV,6112,CLE,IAD
2012-02-12,HA,12,HNL,SFO
2011-01-08,US,610,SNA,PHX
2012-02-28,UA,533,IAD,DEN
2011-01-02,AA,1499,TPA,DFW
2011-02-11,WN,1239,ABQ,DAL
2012-02-24,AA,345,ORD,SFO
2012-01-26,VX,334,LAX,FLL
2012-02-08,DL,2378,ATL,MDW
2012-02-21,DL,1462,ATL,MSY
2012-01-18,WN,1257,LAS,SMF
2012-02-29,DL,1437,DTW,BWI
2012-02-19,UA,599,SFO,HNL
2011-02-21,AA,1841,DFW,TUS
2012-01-03,WN,809,CMH,MDW
2012-02-18,OO,6407,LAX,CLD
2012-02-12,DL,183,JFK,SEA
2012-01-17,AA,374,ORD,LGA
2011-01-28,WN,9,HOU,STL
2011-01-11,B6,455,BOS,FLL
2012-02-04,OO,5643,SFO,EUG
2011-02-10,MQ,4006,ORD,CHA
2011-02-08,WN,2012,PHX,SAN
2012-01-02,US,388,LAS,CLT
2012-02-15,MQ,4331,ORD,BNA
2012-01-02,OO,5159,ATL,IAH
2011-01-01,XE,2131,IAH,CRP
2011-02-08,WN,2383,DAL,STL
2012-02-24,WN,3279,SLC,SEA
2012-01-18,YV,3772,DFW,IAD
2011-01-21,FL,773,LAS,ATL
2011-02-03,US,1402,RSW,CLT
2012-02-06,UA,885,OKC,DEN
2011-02-07,XE,3070,EWR,CLT
2011-01-04,XE,2725,CLE,DFW
2011-02-04,DL,2595,LGA,CVG
2011-02-10,WN,1149,BNA,PHL
2011-02-26,XE,6206,LIT,ORD
2011-01-11,DL,2161,PHL,ATL
2011-01-30,DL,2502,MCO,CVG
2012-02-19,DL,1194,PDX,SLC
2011-02-27,US,1242,FLL,DCA
2011-01-10,WN,2332,LAS,SNA
2011-02-10,AS,20,SEA,ORD
2012-02-13,OO,5587,ASE,ORD
2011-02-03,XE,5872,MEM,ORD
2011-01-17,DL,2600,SLC,MSP
2012-02-05,B6,540,PBI,EWR
2011-02-27,OO,4634,LGB,SLC
2011-01-23,DL,1494,ATL,PHL
2011-02-09,US,2129,BOS,LGA
2012-01-27,YV,3745,IAD,RDU
2012-01-29,DL,1463,DCA,MSP
2011-01-07,WN,1677,LAS,LAX
2012-02-26,B6,976,FLL,BOS
2012-01-07,DL,861,FAR,MSP
2012-01-21,EV,4149,BRO,IAH
2011-02-25,WN,3830,MHT,BWI
2011-01-01,EV,4994,ATL,HPN
2011-02-21,WN,3849,BWI,BOS
2011-01-23,CO,245,CLE,IAH
2011-01-03,XE,2551,EWR,JAX
2011-01-12,FL,409,IND,ATL
2012-02-01,EV,6078,MLI,ORD
2011-02-06,OO,6955,MKE,ORD
2011-02-12,WN,2408,OKC,PHX
2012-02-13,B6,937,ORD,LGB
2012-02-07,WN,565,OAK,LAS
2012-01-27,EV,5943,MSN,DEN
2011-01-08,OO,4492,MSP,MOT
2011-02-26,AA,1817,MCO,MIA
2012-01-27,WN,160,OAK,SAN
2012-02-12,UA,487,LAS,IAD
2011-02-01,UA,791,LAS,DEN
2012-02-18,US,1909,LGA,CLT
2011-02-15,CO,428,EWR,DEN
2012-01-20,EV,5199,JAN,ATL
2012-02-21,EV,5936,GSO,ORD
2012-01-27,DL,133,JFK,PHX
2012-02-21,EV,5710,ORD,CAE
2011-02-10,XE,2335,CLE,MCI
2011-01-12,MQ,4148,OMA,ORD
2011-02-15,EV,5594,CVG,BWI
2011-02-28,DL,1154,PHX,CVG
2011-02-23,FL,1091,IND,MCO
2012-02-22,US,1683,CLT,CHS
2012-01-27,YV,3769,IAD,ATL
2012-02-02,MQ,4590,MSP,LGA
2011-01-20,OO,7025,LAX,CLD
2012-01-11,FL,786,LGA,PHF
2012-02-25,AA,1685,DFW,ELP
2011-01-14,WN,109,DAL,MSY
2011-01-07,OO,6504,DEN,SJC
2011-02-16,MQ,3118,RNO,LAX
2011-01-21,US,231,SJC,PHX
2012-01-12,WN,3556,DAL,AUS
2011-02-26,B6,1162,MCO,BOS
2012-02-24,FL,363,LGA,ATL
2011-02-16,MQ,3741,ORD,EWR
2011-02-12,UA,102,ORD,PVD
2011-02-15,AA,3,JFK,LAX
2011-02-17,WN,1959,ABQ,DEN
2011-02-25,AA,326,DFW,IAD
2012-01-17,EV,5037,CHA,ATL
2011-01-30,FL,359,LGA,ATL
2012-01-30,OO,4767,MSP,GFK
2011-02-12,DL,2785,JFK,DEN
2011-02-07,DL,1987,BOS,MSP
2012-01-22,EV,5526,ATL,MLU
2012-01-24,UA,412,SFO,SAN
2011-02-17,WN,1803,MDW,ISP
2012-02-05,US,1408,PBI,CLT
2011-02-24,AA,1142,DFW,ORF
2012-02-22,FL,905,PHF,ATL
2012-02-04,WN,864,TPA,DEN
2011-02-24,AA,1573,DFW,ABQ
2011-02-15,MQ,2904,CID,DFW
2011-02-16,F9,727,DEN,PDX
2012-02-03,MQ,3509,MIA,ATL
2011-01-20,OO,6841,ORD,DLH
2011-02-05,WN,1026,DEN,LAX
2012-02-23,WN,2325,MDW,DEN
2012-01-06,OO,6252,SMX,LAX
2011-02-16,MQ,3879,ORD,DCA
2011-01-06,MQ,4180,ORD,CLT
2012-01-17,WN,2196,SDF,MCO
2011-01-20,DL,2615,ATL,PHX
2011-01-31,DL,1056,SJC,MSP
2012-02-20,B6,505,EWR,FLL
2012-01-04,EV,4659,TYS,IAH
2011-02-03,XE,6188,IAD,CLE
2012-02-26,UA,701,LAS,DEN
2011-02-10,AS,628,BLI,LAS
2011-02-25,OO,4718,LAX,LAS
2012-01-10,WN,321,CHS,BNA
2011-02-18,US,1786,MIA,CLT
2012-02-19,WN,221,BWI,TPA
2012-01-17,AA,1457,DFW,PHX
2012-01-06,DL,1009,CMH,ATL
2011-01-08,OO,6405,MSN,ORD
2011-02-20,B6,495,BOS,DEN
2011-01-22,WN,850,HOU,ABQ
2011-02-08,CO,1672,MFE,IAH
2011-01-02,WN,2156,BWI,BDL
2012-01-21,B6,1263,BOS,AUS
2011-01-29,WN,943,ISP,MCO
2011-02-07,CO,632,IAH,LGA
2011-02-27,AA,1052,DFW,MCI
2011-02-20,F9,404,LAX,DEN
2011-01-05,OO,6871,MOT,DEN
2012-02-09,UA,1595,EWR,SAT
2011-02-02,DL,2163,DCA,MSP
2012-02-20,DL,1186,JAX,ATL
2011-02-28,YV,2618,CLT,SDF
2012-02-23,WN,1207,SEA,SMF
2011-02-08,WN,2277,BWI,STL
2012-01-05,WN,2446,PHX,LAS
2011-01-30,WN,2907,BDL,BWI
2011-02-06,WN,2398,BWI,RDU
2012-02-15,EV,5435,MLU,ATL
2011-01-20,OO,4637,LAS,LAX
2012-01-24,MQ,2748,DFW,GSP
2011-01-27,WN,2573,MCO,BNA
2011-01-31,FL,910,ATL,PHF
2012-01-03,MQ,3786,IAH,ORD
2011-01-19,MQ,3696,ORF,JFK
2012-02-17,EV,4143,IAH,BNA
2011-02-01,MQ,3045,DEN,LAX
2011-01-08,DL,2559,CLT,DTW
2011-02-27,CO,450,EWR,AUS
2012-01-27,WN,32,DAL,LBB
2012-01-04,B6,32,JFK,ROC
2012-01-21,WN,2234,LAS,HOU
2012-02-02,OO,4719,ATW,MSP
2012-01-19,FL,755,BWI,HSV
2011-02-14,EV,5145,BHM,ATL
2012-01-30,DL,148,MCO,JFK
2011-02-01,MQ,4393,BOS,JFK
2011-01-10,DL,2025,BWI,ATL
2012-01-16,DL,1887,DTW,LAX
2012-02-29,DL,2381,MKE,ATL
2011-02-14,CO,1070,IAH,SFO
2011-02-04,DL,1889,ATL,BNA
2012-02-05,WN,1930,ONT,SMF
2012-01-17,UA,1687,SEA,IAH
2011-01-30,WN,3306,BOI,RNO
2011-01-22,B6,67,BUF,JFK
2012-02-08,US,1798,LAS,CLT
2011-01-30,US,1897,CLT,ATL
2012-02-18,DL,1417,PBI,ATL
2012-02-22,UA,1117,PDX,IAH
2011-01-31,DL,1474,MCO,MSP
2012-01-08,HA,260,HNL,ITO
2011-02-23,DL,2708,FLL,CVG
2012-02-11,B6,726,BQN,JFK
2012-01-19,OO,4460,SLC,LWS
2011-01-22,OO,6821,RDD,SFO
2012-01-22,US,2130,LGA,BOS
2012-01-28,OO,5560,MCI,DEN
2011-02-22,YV,2719,PHX,SBA
2011-01-09,FL,988,ATL,PIT
2012-01-08,EV,4179,IAH,CID
2011-01-03,WN,3771,OAK,SNA
2011-01-28,DL,1663,DCA,MSP
2011-02-20,EV,5294,BNA,ATL
2012-02-25,US,1448,RDU,PHL
2011-01-19,MQ,4321,ORD,OKC
2011-01-10,US,528,STL,PHX
2012-02-08,EV,4107,BIS,DEN
2012-01-10,FL,91,ATL,RDU
2011-02-02,MQ,3209,DFW,TYS
2011-02-24,US,701,PHL,LAX
2011-02-19,UA,201,IAD,SEA
2012-02-09,B6,209,JFK,LGB
2012-02-11,WN,1375,RDU,MCO
2012-01-22,WN,2353,BNA,HOU
2012-01-31,B6,393,LGA,MCO
2012-01-17,UA,589,BUF,ORD
2012-02-01,FL,431,MKE,ATL
2012-02-13,AA,1359,SFO,LAX
2011-01-07,OO,6939,RDM,PDX
2012-01-01,B6,1051,JFK,PIT
2011-01-29,YV,7262,IAD,CLT
2012-01-26,FL,501,MKE,LGA
2012-01-11,AA,1415,STL,DFW
2011-01-27,EV,4969,MGM,ATL
2011-02-06,FL,305,DEN,ATL
2011-02-14,FL,133,BUF,ATL
2012-01-09,DL,1079,ATL,OMA
2011-02-07,YV,2719,TUS,PHX
2011-01-03,UA,589,BUF,ORD
2012-01-21,OO,4716,LGB,SLC
2011-02-24,DL,1856,SLC,MSP
2012-01-17,WN,409,DAL,ELP
2012-01-17,AS,549,PSP,SEA
2011-02-02,XE,2696,DAY,CLE
2011-02-11,CO,56,MCO,EWR
2012-02-04,US,1417,PHX,LAS
2012-01-05,WN,920,ABQ,DAL
2012-02-04,UA,1738,MCO,IAH
2011-01-25,DL,2112,ATL,ORD
2011-01-21,US,496,PHX,DEN
2011-02-24,DL,1127,ATL,PBI
2012-01-26,AA,523,DFW,ELP
2012-02-21,EV,4588,MOB,IAH
2012-02-16,WN,1126,MSY,DAL
2011-01-26,WN,2497,IND,MDW
2012-01-09,UA,311,EWR,DEN
2012-01-02,OO,4685,SLC,BOI
2011-02-17,FL,28,ATL,MDW
2012-01-25,MQ,3708,OKC,LAX
2011-01-20,XE,2991,LIT,IAH
2012-02-04,US,1831,CLT,MIA
2012-02-16,WN,33,DAL,HOU
2012-01-21,MQ,2974,ABI,DFW
2012-01-12,UA,1536,RSW,EWR
2012-01-12,DL,1678,ATL,SRQ
2011-02-10,WN,559,MDW,BDL
2012-02-03,AA,1119,MIA,LAX
2011-01-01,AA,2536,MIA,BOS
2012-02-17,MQ,3750,MSP,ORD
2012-01-05,UA,436,ORD,EWR
2011-02-02,CO,515,BOS,EWR
2012-02-07,EV,4240,RDU,CLE
2012-01-06,UA,1587,ATL,EWR
2011-02-24,MQ,3626,PNS,MIA
2012-02-07,WN,1035,SJC,SNA
2012-02-17,AA,870,DFW,SDF
2012-01-31,EV,5718,GSP,IAD
2012-01-09,DL,1970,MSY,ATL
2012-01-14,US,1477,PHL,ATL
2012-01-18,EV,4235,MTJ,IAH
2012-01-12,YV,1073,OGG,HNL
2012-01-15,AA,2207,DFW,EGE
2011-02-27,OO,4481,FAR,MSP
2012-02-26,OO,6499,LAX,SJC
2011-02-18,WN,1741,ELP,DAL
2012-01-16,UA,1683,EWR,FLL
2012-01-12,WN,3047,MDW,LAX
2011-02-05,WN,2334,SAN,SMF
2012-01-15,OO,6475,LAX,YUM
2011-01-04,WN,3138,BUR,LAS
2012-02-10,OO,4711,RST,MSP
2011-02-17,DL,1750,LAS,MSP
2011-01-02,DL,2703,CVG,MCO
2012-02-03,AA,1199,ORD,STL
2012-02-09,EV,5471,GSP,ATL
2012-02-21,UA,1140,ORD,SNA
2011-02-08,XE,2459,CLT,IAH
2012-02-14,EV,5996,ORD,FAR
2012-01-11,WN,1027,TPA,MKE
2012-02-22,OO,5157,IAH,ABQ
2012-02-04,DL,61,LAX,ATL
2011-01-08,US,78,SEA,PHL
2011-01-23,CO,1045,CLE,IAH
2012-02-09,VX,717,DFW,SFO
2012-02-28,WN,252,TPA,FLL
2011-01-25,MQ,3807,ORD,ATL
2011-01-04,WN,697,SMF,ONT
2012-01-05,AA,1354,DFW,ATL
2012-02-23,YV,2816,PHX,DSM
2011-01-05,MQ,4136,IND,ORD
2012-02-02,EV,4523,IAH,LRD
2012-01-12,DL,1608,DEN,MSP
2011-01-12,WN,1079,SAN,PHX
2012-02-29,WN,1953,STL,ABQ
2012-02-12,WN,1387,CMH,MCO
2012-01-20,AA,582,DFW,TPA
2011-02-22,US,1705,BDL,CLT
2012-01-09,DL,1752,ATL,IAD
2012-01-27,DL,1925,ATL,BWI
2011-02-21,AA,408,ORD,PHL
2011-01-05,B6,25,JFK,FLL
2012-01-19,DL,129,ATL,SEA
2011-02-22,US,1882,MCI,CLT
2012-01-25,EV,4686,BDL,CLE
2011-02-16,MQ,3975,ORD,XNA
2011-01-16,DL,1629,JFK,LAS
2012-01-26,WN,2685,DEN,MSY
2012-01-28,OO,4754,MSP,FAR
2012-02-17,UA,1228,LAS,DEN
2011-01-05,WN,2855,LBB,DAL
2011-02-17,DL,1946,MSP,PDX
2012-02-24,EV,5955,FAR,ORD
2012-01-19,OO,5497,DEN,JAC
2012-02-03,UA,573,SFO,SEA
2011-01-17,DL,1273,ATL,JAX
2012-02-19,WN,1982,OKC,DAL
2012-01-03,EV,5998,DEN,ABQ
2011-02-17,US,209,SLC,PHX
2012-02-07,EV,5199,JAN,ATL
2012-01-20,AA,1305,MCO,MIA
2011-02-08,WN,2463,STL,PHL
2011-02-04,UA,186,SFO,PHL
2012-02-24,OO,6470,LAX,SLC
2012-01-24,WN,2349,CLE,MDW
2012-02-05,MQ,3967,ORD,OMA
2011-02-07,US,1066,PHL,PIT
2012-01-03,AA,374,ORD,LGA
2012-02-26,MQ,2826,CAE,DFW
2011-01-25,AA,1936,LAX,SFO
2012-02-14,US,1522,CLT,PHL
2012-01-18,EV,5893,ORD,ICT
2012-01-07,OO,4618,SLC,SAT
2011-01-13,XE,2482,IAH,GPT
2011-02-07,WN,1200,AMA,DAL
2012-02-01,MQ,3686,ORD,SAT
2011-01-03,YV,2914,BFL,PHX
2012-01-05,EV,5256,ATL,CAK
